Devicename,Status
SENTINEL\WESCOTT1,present
SENTINEL\MIATA,present
SENTINEL\STAVRIDES,present
SENTINEL\GRELL1,present
SENTINEL\exchange4,present
SENTINEL\LOFTLAKEVIEW14,present
SENTINEL\QUINNCROSSING50,present
SENTINEL\WILLOWSPRINGS4,present
SENTINEL\VAZQUEZ,present
SENTINEL\JOUMAS,present
SENTINEL\DIPIETRANTONIO,present
SENTINEL\olds-w10,present
SENTINEL\LARATRO,present
SENTINEL\BRENTWOODOAK2,present
SENTINEL\TANNENBAUM,present
SENTINEL\CAWLEYK,present
SENTINEL\CHAN,present
SENTINEL\LACOSTA13,present
SENTINEL\CENTERPOINTE1,present
SENTINEL\BEKTESHI,present
SENTINEL\LEKHRAJ,present
SENTINEL\KELT,present
SENTINEL\SHARKEY,present
SENTINEL\GREENBERG,present
SENTINEL\ACADIA50,present
SENTINEL\BASHUALDO,present
SENTINEL\DELANO13,present
SENTINEL\ARROWHEAD3,present
SENTINEL\DISTTAMPA3,present
SENTINEL\OAKWELLFARM14,present
SENTINEL\KINGSCREST14,present
SENTINEL\QUALITYHILL3,present
SENTINEL\NONAPARK50,present
SENTINEL\ASPREY1,present
SENTINEL\FAIRWAYS13,present
SENTINEL\DISTTAMPA1,present
SENTINEL\STENGER1,present
SENTINEL\EASTCHASE14,present
SENTINEL\BONTERRA3,present
SENTINEL\ARBORDUBLIN2,present
SENTINEL\ASPREY13,present
SENTINEL\CHESWYCK50,present
SENTINEL\EPPERSON,present
SENTINEL\DELAYNE2,present
chabliimac.sentinelcorp.com,present
SENTINEL\LUCERNE4,present
SENTINEL\SULLIVAN,present
SENTINEL\helpdesk,present
SENTINEL\AVANT3,present
SENTINEL\CHERRYCREEK2,present
SENTINEL\sophosav,present
SENTINEL\FOXVALLEY13,present
SENTINEL\CHERRYCREEK14,present
SENTINEL\WILDWOOD14,present
SENTINEL\CORDILLERA14,present
SENTINEL\OAKS14,present
SENTINEL\KUNESCH,present
SENTINEL\APTEMP1,present
SENTINEL\CORDILLERA13,present
SENTINEL\RIVERPOINTE2,present
SENTINEL\ACADIA14,present
SENTINEL\MONTERRA13,present
SENTINEL\23HUNDRED3,present
SENTINEL\WILDWOOD3,present
SENTINEL\JACKSONPARK15,present
SENTINEL\WILDWOODFOREST1,present
SENTINEL\CORNERSTONE14,present
SENTINEL\KO1,present
SENTINEL\GARDPOLARIS50,present
SENTINEL\HAVEN14,present
SENTINEL\OAKS3,present
SENTINEL\TUSCANYRIDGE14,present
SENTINEL\MALESZEWSKIV (S-1-5-21-753412686-597961653-1159422225-21851),present
SENTINEL\AVANT13,present
SENTINEL\COPPERFIELD13,present
SENTINEL\CARRINGTON13,present
SENTINEL\VERSANT1,present
SENTINEL\PETERSEN,present
SENTINEL\SHADELAND1,present
SENTINEL\JAMIESONV (S-1-5-21-753412686-597961653-1159422225-22737),present
SENTINEL\LUO,present
SENTINEL\GREENHOUSE1,present
SENTINEL\KIRBY13,present
SENTINEL\CYPRESSWOOD14,present
randazzoimac.sentinelcorp.com,present
SENTINEL\file2,present
SENTINEL\BRENTWOOD13,present
SENTINEL\GOTHAMPROP_BKR5,present
SENTINEL\YURCICHV (S-1-5-21-753412686-597961653-1159422225-22726),present
SENTINEL\ADDISONPARK50,present
SENTINEL\WINDWARDLP3,present
SENTINEL\PDC3,present
SENTINEL\BARTOLOMEI,present
SENTINEL\AVENEL2,present
SENTINEL\DCCOM2,present
SENTINEL\GOTHAMPROP_ACT1,present
SENTINEL\910PENN1,present
SENTINEL\FIRSTANDMAIN13,present
SENTINEL\GLENBROOK2,present
SENTINEL\MITCHELV (S-1-5-21-753412686-597961653-1159422225-22722),present
SENTINEL\CORDILLERA1,present
SENTINEL\MARISCAL,present
SENTINEL\GRANDVIEW4,present
SENTINEL\ALLENPV (S-1-5-21-753412686-597961653-1159422225-22725),present
SENTINEL\LINKSPLUMCREEK1,present
SENTINEL\DALANGINV (S-1-5-21-753412686-597961653-1159422225-23761),present
SENTINEL\VINEYARDS13,present
SENTINEL\SHERZER,present
SENTINEL\ANDOVERPLACE2,present
SENTINEL\FAIRWAYS1,present
SENTINEL\WESTON50,present
SENTINEL\CORBINGREENS3,present
SENTINEL\DELAYNE13,present
SENTINEL\VALLEYBROOK14,present
SENTINEL\RIVERPLACECOMM7,present
SENTINEL\QUALITYHILL2,present
SENTINEL\TESTICV (S-1-5-21-753412686-597961653-1159422225-20723),present
SENTINEL\MCCONNELL,present
SENTINEL\SONTERRA15,present
SENTINEL\GOTHAMPROP_3,present
SENTINEL\CHAMBLIN,present
SENTINEL\HAVEN50,present
SENTINEL\PaupWin7 (S-1-5-21-753412686-597961653-1159422225-19570),present
SENTINEL\COROMINA,present
SENTINEL\LANTERNWOODS50,present
SENTINEL\WESTON14,present
grellimac.sentinelcorp.com,present
SENTINEL\CORNERSTONE13,present
malcolmimac2017ii.sentinelcorp.com,present
SENTINEL\RIVERPOINTE1,present
SENTINEL\JACKSONPARK50,present
SENTINEL\VERSANT13,present
SENTINEL\ENVLAVEMEN13,present
SENTINEL\OAKWELLFARM1,present
SENTINEL\WESTON3,present
SENTINEL\esx-master,present
SENTINEL\LUCERNE50,present
SENTINEL\ARBORHILLS14,present
SENTINEL\CROWELL,present
SENTINEL\VERSANT2,present
SENTINEL\FOXVALLEY3,present
SENTINEL\COPPERFIELD4,present
SENTINEL\MONDESIR,present
SENTINEL\SMITHS,present
SENTINEL\BLAUER,present
SENTINEL\RIVERPLACECOMM4,present
SENTINEL\LANTERNWOODS13,present
SENTINEL\ISLANDPARK3,present
SENTINEL\portalindex,present
SENTINEL\CORBINGREEN1,present
SENTINEL\EGRETS50,present
SENTINEL\23HUNDRED,present
SENTINEL\LITTLESTONE1,present
SENTINEL\OAKWELLFARM15,present
SENTINEL\WINDWARDLP1,present
SENTINEL\CARRINGTON14,present
changimac.sentinelcorp.com,present
SENTINEL\CYPRESSWOOD3,present
SENTINEL\ANDOVERPLACE13,present
SENTINEL\EASTCHASE1,present
SENTINEL\RIVERPOINTE15,present
SENTINEL\VINEYARDS1,present
SENTINEL\GLENBROOK14,present
SENTINEL\CITYPLACE15,present
SENTINEL\COPPERFIELD1,present
SENTINEL\23HUNDRED13,present
SENTINEL\EGRETS13,present
SENTINEL\COURTNEY2,present
SENTINEL\WESTON4,present
SENTINEL\HAVEN1,present
SENTINEL\AERIALCENTER2,present
SENTINEL\GRANDVIEW50,present
PIKECREEK4,present
SENTINEL\ISLANDPARK13,present
SENTINEL\landesk3,present
SENTINEL\ARCILA-OLIVARES,present
SENTINEL\OAKWELLFARM50,present
SENTINEL\KRAUT,present
bowmanimac.sentinelcorp.com,present
SENTINEL\BRENTWOODOAK1,present
SENTINEL\FORTUNE,present
SENTINEL\SYDOR,present
SENTINEL\GRANDCENT2,present
SENTINEL\BARTONVINE50,present
SENTINEL\General,present
SENTINEL\HAMPGREEN3,present
SENTINEL\OMARASHVILI,present
SENTINEL\MONTERRA50,present
SENTINEL\KINGSCREST13,present
zagredaimac2017.sentinelcorp.com,present
SENTINEL\ESX-MASTER1,present
SENTINEL\AVENEL1,present
SENTINEL\GRANDCENT3,present
SENTINEL\DELANO3,present
SENTINEL\LUCAS,present
SENTINEL\CORREIA,present
SENTINEL\CYPRESSWOOD4,present
SENTINEL\POLINSKI,present
SENTINEL\ad2,present
SENTINEL\Portal3,present
SENTINEL\NG,present
SENTINEL\DISTINDIAN3,present
SENTINEL\SIEBER1,present
SENTINEL\fladger1,present
SENTINEL\PARAGON14,present
SENTINEL\Portal4,present
SENTINEL\BRENTWOOD14,present
SENTINEL\LOFTSLAKEVIEW1,present
SENTINEL\NONAPARK13,present
SENTINEL\callexpressb,present
SENTINEL\ADDISONPARK1,present
SENTINEL\pdc1,present
SENTINEL\pdc2,present
SENTINEL\ad1,present
SENTINEL\CORNERSTONE3,present
SENTINEL\LITTLESTONE50,present
SENTINEL\RIVERPLACE50,present
SENTINEL\SANTORA,present
SENTINEL\FAINBERG,present
SENTINEL\DISTRALEIGH1,present
SENTINEL\AVENEL14,present
colomaimac.sentinelcorp.com,present
SENTINEL\LINKSPLUMCREEK4,present
SENTINEL\WESCOTT3,present
SENTINEL\APTEMP4,present
SENTINEL\DEERWOOD50,present
SENTINEL\ESTEVEZ,present
SENTINEL\CHINAPEN1,present
SENTINEL\update2,present
SENTINEL\SHUBAYEVA1,present
SENTINEL\HAVEN13,present
SENTINEL\Hall1,present
SENTINEL\SMORODA,present
SENTINEL\REYES,present
SENTINEL\QUINNCROSSING1,present
SENTINEL\HIRSHBERGW7,present
SENTINEL\BURTON (S-1-5-21-753412686-597961653-1159422225-23146),present
SENTINEL\CYPRESSWOOD50,present
SENTINEL\CYPRESSWOOD13,present
SENTINEL\LANE,present
SENTINEL\SOMERS,present
SENTINEL\SCHARF,present
SENTINEL\GARDENSPOLARIS1,present
SENTINEL\KIRBY1,present
SENTINEL\AWAD1,present
SENTINEL\HOOL,present
SENTINEL\RIVERPOINTE50,present
SENTINEL\FINGERHUT,present
SENTINEL\PARKDELMAR14,present
SENTINEL\PARKDELMAR13,present
SENTINEL\FRANCIS,present
SENTINEL\SHADELAND2,present
SENTINEL\NONAPARK14,present
SENTINEL\ASHTONPARC2,present
SENTINEL\THECOMMONS13,present
SENTINEL\LINKPLUMCREEK14,present
SENTINEL\WESCOTT13,present
SENTINEL\MICHELLIW7,present
SENTINEL\BATISTA,present
SENTINEL\HEYWOOD,present
SENTINEL\CITYPLACE1,present
SENTINEL\DISTRALEIGH3,present
SENTINEL\ADDISONPARK2,present
SENTINEL\GARDPOLARIS13,present
SENTINEL\MONTERRA1,present
SENTINEL\SONTERRA2,present
SENTINEL\CHAMBERSV (S-1-5-21-753412686-597961653-1159422225-22732),present
SENTINEL\VERSANT50,present
SENTINEL\SYCAMORE50,present
SENTINEL\pdc4,present
SENTINEL\DISTMEMPHIS1,present
SENTINEL\OAKWELLFARM13,present
SENTINEL\DEERWOOD13,present
SENTINEL\QUINNCROSSING13,present
SENTINEL\TOWNCENTER2,present
SENTINEL\BELLEHARBOUR13,present
SENTINEL\PARAGON5,present
SENTINEL\HABBACH,present
SENTINEL\ARCE,present
SENTINEL\GREENHOUSE50,present
SENTINEL\JONESM,present
SENTINEL\AERIALCENTER4,present
SENTINEL\WATTERS,present
SENTINEL\LOFTLAKEVIEW13,present
SENTINEL\GARDENSPOLARIS2,present
SENTINEL\Anthony,present
SENTINEL\OBRIEN,present
SENTINEL\MCGLYNN1,present
SENTINEL\CORNERSTONE50,present
SENTINEL\DISTINDIAN1,present
SENTINEL\CORNERSTONE15,present
SENTINEL\ADDISONPARK13,present
SENTINEL\EASTCHASE13,present
SENTINEL\REYNA,present
SENTINEL\CROSSINGS1,present
SENTINEL\LOFTLAKEVIEW15,present
SENTINEL\bon3,present
SENTINEL\EGRETSLANDING3,present
SENTINEL\VERSANT14,present
SENTINEL\GRANDVIEW3,present
SENTINEL\JOHNSW7,present
SENTINEL\ENCLAVEMEN50,present
SENTINEL\LUDVIGSEN,present
SENTINEL\CHESWYCK13,present
SENTINEL\PEREZ,present
SENTINEL\WINDWARD2,present
SENTINEL\ARBORHILLS16,present
SENTINEL\MONTERRA14,present
SENTINEL\GRANDCENT4,present
SENTINEL\CHESWYCK15,present
SENTINEL\CHESWYCK2,present
SENTINEL\GRANDCENT13,present
SENTINEL\FOOTHILLS14,present
SENTINEL\FAIRWAYS14,present
CHAMBERS,present
SENTINEL\CHERRYCREEK50,present
SENTINEL\ANDOVERPLACE50,present
SENTINEL\WINDWARD13,present
SENTINEL\FOXVALLEY50,present
SENTINEL\WILLOWSPRINGS50,present
SENTINEL\TORO,present
SENTINEL\BONTERRA50,present
SENTINEL\DISTCOLUMBUS1,present
SENTINEL\SONTERRA13,present
SENTINEL\CROSSINGS13,present
SENTINEL\THOMAS,present
SENTINEL\WESCOTT14,present
SENTINEL\CRESTMONT1,present
SENTINEL\DALANGIN,present
SENTINEL\DCCOMM3,present
SENTINEL\ENCLAVEMEN2,present
SENTINEL\BONTERRA13,present
SENTINEL\GRANDCENT50,present
SENTINEL\LENIART,present
SENTINEL\MENECHINO,present
SENTINEL\CAPITALONE,present
SENTINEL\CHUM,present
SENTINEL\WINDWARDLP13,present
SENTINEL\CORBINGREEN14,present
SENTINEL\KRAPUKAITIS,present
SENTINEL\SONTERRA50,present
SENTINEL\FITZPATRICK,present
SENTINEL\TOWNCENTER50,present
SENTINEL\CROSSINGS2,present
SENTINEL\ConnBrk2,present
SENTINEL\FOOTHILLS15,present
SENTINEL\FIRSTANDMAIN3,present
SENTINEL\VELEZ,present
SENTINEL\CITYPLACE14,present
SENTINEL\GREENHOUSE3,present
SENTINEL\ARROWHEAD50,present
SENTINEL\LOFTLAKEVIEW50,present
SENTINEL\KINGSCREST1,present
SENTINEL\VALENCIA50,present
SENTINEL\DCCOM1,present
SENTINEL\MALOY,present
SENTINEL\BRESLIN,present
SENTINEL\WINDWARD1,present
SENTINEL\KENNY,present
SENTINEL\FIRSTANDMAIN1,present
SENTINEL\DEERWOOD14,present
SENTINEL\AVENEL50,present
SENTINEL\OAKS50,present
SENTINEL\GALARZA-PC,present
SENTINEL\CITYPLACE13,present
SENTINEL\GOTHAMPROP_MGR1,present
SENTINEL\LANTERNWOODS15,present
SENTINEL\COURTNEY14,present
SENTINEL\DHIMA,present
SENTINEL\SORMILLON2,present
SENTINEL\CENTREPOINTE14,present
SENTINEL\EASTCHASE50,present
SENTINEL\CHARDE,present
SENTINEL\LINKPLUMCREEK13,present
SENTINEL\HAMPGREEN50,present
SENTINEL\GOTHAMPROP_2,present
SENTINEL\BREMERTOWER1,present
SENTINEL\SILVERMAN,present
SENTINEL\ANEY,present
SENTINEL\Maleszewski,present
SENTINEL\HERNANDEZ,present
SENTINEL\ARBORHILLS50,present
SENTINEL\tws1,present
SENTINEL\CHESWYCK1,present
SENTINEL\THECOMMONS2,present
SENTINEL\FRANGOS,present
SENTINEL\FIRSTANDMAIN50,present
SENTINEL\WELLSFARGO,present
SENTINEL\JADOONANAN,present
SENTINEL\LINKPLUMCREEK50,present
SENTINEL\WINDWARDLP14,present
SENTINEL\BRENTWOOD50,present
SENTINEL\MTNSHADOW50,present
SENTINEL\COURTNEY13,present
SENTINEL\PAYROLL1,present
SENTINEL\CHERRYCREEK1,present
SENTINEL\PELAEZ-LEONG,present
SENTINEL\FOOTHILLS1,present
SENTINEL\BARTLETT,present
SENTINEL\HEALY,present
SENTINEL\EGRETSLANDING2,present
SENTINEL\COURTNEY1,present
SENTINEL\KINGSCREST50,present
SENTINEL\ROTH2,present
SENTINEL\DELAYNE3,present
SENTINEL\NONAPARK3,present
SENTINEL\SYCAMORE13,present
SENTINEL\RIVERPLACECOMM6 (S-1-5-21-753412686-597961653-1159422225-20741),present
SENTINEL\ASPREY50,present
SENTINEL\CORBINGREENS50,present
SENTINEL\DYNPOOL12 (S-1-5-21-753412686-597961653-1159422225-22694),present
SENTINEL\RITTENHOUSE1,present
SENTINEL\FIRSTANDMAIN14,present
SENTINEL\ACADIA3,present
SENTINEL\KINGSCREST2,present
SENTINEL\ACADIA1,present
SENTINEL\VALLEYBROOK50,present
SENTINEL\COURTNEY50,present
SENTINEL\CHESWYCK17,present
SENTINEL\MakarovaW7,present
SENTINEL\ACADIA15,present
SENTINEL\ASHTONPARC1,present
SENTINEL\GRANDVIEW13,present
SENTINEL\CARDINAL,present
SENTINEL\DEERWOOD4,present
SENTINEL\23HUNDRED50,present
SENTINEL\AVANT50,present
SENTINEL\DISTARIZONA1,present
SENTINEL\BONTERRA4,present
SENTINEL\ANTELOPERIDGE50,present
SENTINEL\AVENELL13,present
SENTINEL\WOODBERRY50,present
SENTINEL\VINEYARDS50,present
SENTINEL\LACOSTA3,present
SENTINEL\CENTREPOINTE2,present
SENTINEL\DELANO50,present
SENTINEL\OAKS2,present
SENTINEL\DELANO1,present
SENTINEL\ARBORDUBLIN1,present
SENTINEL\legato,present
SENTINEL\EGRETS14,present
SENTINEL\SHANLEY,present
SENTINEL\PARKDELMAR3,present
SENTINEL\KASS,present
T540p-R90HKLSA,present
SENTINEL\QUALITYHILL13,present
SENTINEL\STC1,present
hallockimac2017.sentinelcorp.com,present
SENTINEL\CORNERSTONE1,present
SENTINEL\CENTREPOINTE13,present
SENTINEL\FAIRWAYS3,present
SENTINEL\NonaPark2,present
SENTINEL\LANTERNWOODS2,present
SENTINEL\ADDISONPARK14,present
SENTINEL\ConnBrk1,present
SENTINEL\DISTINDIAN2,present
SENTINEL\ARROWHEAD15,present
SENTINEL\AGIMUDIE,present
SENTINEL\CORDILLERA50,present
SENTINEL\ZAGREDA,present
SENTINEL\CARRINGTON1,present
SENTINEL\BILASZ,present
SENTINEL\DYNPOOL17 (S-1-5-21-753412686-597961653-1159422225-22708),present
SENTINEL\LUCERNE2,present
SENTINEL\LOFTSLAKEVIEW2,present
SENTINEL\FELLNER,present
SENTINEL\LUCERNE13,present
SENTINEL\CITYPLACE50,present
SENTINEL\HAMPGREEN1,present
SENTINEL\CHANDRAPAUL,present
SENTINEL\PARKDELMAR50,present
SENTINEL\AUSTINR,present
SENTINEL\ASHTONPARC50,present
SENTINEL\BES12Svr1,present
SENTINEL\LACOSTA1,present
SENTINEL\ADAMS,present
SENTINEL\LANTERNWOODS14,present
SENTINEL\CENTERPOINTE50,present
WEINER,present
SENTINEL\ZOELLER,present
SENTINEL\KESSNER,present
SENTINEL\PRESERVE50,present
SENTINEL\ARBORHILLS15,present
SENTINEL\WILLOWSPRINGS3,present
SENTINEL\YEUNGKW7,present
SENTINEL\PARKDELMAR2,present
SENTINEL\WINDWARDLP50,present
SENTINEL\SCANLAN,present
SENTINEL\ExchTools,present
SENTINEL\LIPOVETSKY,present
SENTINEL\GOTHAMPROP_1,present
SENTINEL\DYNPOOL2 (S-1-5-21-753412686-597961653-1159422225-22706),present
SENTINEL\BELLEHARBOUR3,present
SENTINEL\DYNPOOL19 (S-1-5-21-753412686-597961653-1159422225-22709),present
SENTINEL\STIEGLITZ,present
SENTINEL\JONESV (S-1-5-21-753412686-597961653-1159422225-22735),present
SENTINEL\BRINDLEYV (S-1-5-21-753412686-597961653-1159422225-24143),present
SENTINEL\DAVISMARCHV (S-1-5-21-753412686-597961653-1159422225-22734),present
SENTINEL\DYNPOOL11 (S-1-5-21-753412686-597961653-1159422225-22693),present
SENTINEL\OLDSV (S-1-5-21-753412686-597961653-1159422225-19662),present
SENTINEL\WANGV (S-1-5-21-753412686-597961653-1159422225-24129),present
SENTINEL\ASPREY2,present
SENTINEL\SITTERLEYV (S-1-5-21-753412686-597961653-1159422225-22738),present
SENTINEL\TUSCANYRIDGE13,present
SENTINEL\ASPREY14,present
SENTINEL\DYNPOOL1 (S-1-5-21-753412686-597961653-1159422225-22695),present
SENTINEL\DYNPOOL13 (S-1-5-21-753412686-597961653-1159422225-22697),present
SENTINEL\SORMILLONV (S-1-5-21-753412686-597961653-1159422225-20107),present
SENTINEL\DEERWOOD3,present
SENTINEL\DYNPOOL10 (S-1-5-21-753412686-597961653-1159422225-22699),present
SENTINEL\DYNPOOL15 (S-1-5-21-753412686-597961653-1159422225-22692),present
SENTINEL\DYNPOOL4 (S-1-5-21-753412686-597961653-1159422225-22702),present
SENTINEL\DYNPOOL7 (S-1-5-21-753412686-597961653-1159422225-22696),present
SENTINEL\WOODBERRY3,present
SENTINEL\CORBINGREEN13,present
SENTINEL\REAGANV (S-1-5-21-753412686-597961653-1159422225-22723),present
SENTINEL\DYNPOOL20 (S-1-5-21-753412686-597961653-1159422225-22710),present
SENTINEL\DYNPOOL3 (S-1-5-21-753412686-597961653-1159422225-22701),present
SENTINEL\DYNPOOL5 (S-1-5-21-753412686-597961653-1159422225-22703),present
SENTINEL\MORRONEVM,present
SENTINEL\DYNPOOL18 (S-1-5-21-753412686-597961653-1159422225-22707),present
SENTINEL\CLARKV (S-1-5-21-753412686-597961653-1159422225-22729),present
SENTINEL\DYNPOOL14 (S-1-5-21-753412686-597961653-1159422225-22705),present
SENTINEL\LEONARDV (S-1-5-21-753412686-597961653-1159422225-24142),present
SENTINEL\MONTEMAYORV (S-1-5-21-753412686-597961653-1159422225-22739),present
SENTINEL\HIGGINSV (S-1-5-21-753412686-597961653-1159422225-21888),present
SENTINEL\DYNPOOL16 (S-1-5-21-753412686-597961653-1159422225-22691),present
SENTINEL\DYNPOOL9 (S-1-5-21-753412686-597961653-1159422225-22698),present
SENTINEL\DYNPOOL8 (S-1-5-21-753412686-597961653-1159422225-22700),present
SENTINEL\BRITTONV (S-1-5-21-753412686-597961653-1159422225-22736),present
SENTINEL\ITTEMPV (S-1-5-21-753412686-597961653-1159422225-22593),present
SENTINEL\DYNPOOL6 (S-1-5-21-753412686-597961653-1159422225-22704),present
SENTINEL\RIVERPOINTE13,present
SENTINEL\WINDWARD14,present
SENTINEL\ISLANDPARK50,present
SENTINEL\RITTENHOUSE2,present
SENTINEL\CHENG,present
SENTINEL\KIRBY2,present
SENTINEL\RIVERPOINTE14,present
SENTINEL\GALARZAVM (S-1-5-21-753412686-597961653-1159422225-17906),present
SENTINEL\partnerportal,present
SENTINEL\FREYDBERG,present
SENTINEL\PRESERVE13,present
SENTINEL\CARRINGTON2,present
SENTINEL\ALLY,present
SENTINEL\GARDPOLARIS14,present
SENTINEL\Denali1,present
SENTINEL\HPThinClientDM1,present
SENTINEL\RITTER,present
SENTINEL\LACOSTA14,present
SENTINEL\LITTLESTONE13,present
SENTINEL\CORDILLERA2,present
SENTINEL\LITTLESTONE3,present
LeechSurf4,present
SENTINEL\PONGO,present
SENTINEL\DISTCOLUMBUS3,present
SENTINEL\COX,present
SENTINEL\TOWNCENTER13,present
SENTINEL\JACKSONPARK2,present
SENTINEL\OAKS13,present
SENTINEL\RIVERPLACECOMM2,present
SENTINEL\SYCAMORE3,present
SENTINEL\LUCERNE14,present
SENTINEL\BELLI,present
SENTINEL\ARBORDUBLIN50,present
SENTINEL\BONTERRA14,present
SENTINEL\CAWLEYM,present
SENTINEL\PARAGON50,present
SENTINEL\VALLEYBROOK2,present
SENTINEL\VOYAGERTEST,present
SENTINEL\DISTTAMPA2,present
SENTINEL\GLENBROOK13,present
SENTINEL\ENCLAVEMEN14,present
SENTINEL\ISLANDPARK14,present
SENTINEL\DISTHOUSTON5,present
SENTINEL\CROSSINGS50,present
SENTINEL\BARTONVINE3,present
SENTINEL\BARTONVINE4,present
SENTINEL\IT-STORAGE-RM1,present
SENTINEL\GOTHAMPROP_CO_1,present
SENTINEL\BELLEHARBOUR1,present
SENTINEL\TUSCANYRIDGE50,present
SENTINEL\HAVEN2,present
SENTINEL\AVANT1,present
SENTINEL\GRANDVIEW14,present
SENTINEL\VINEYARDS3,present
SENTINEL\23HUNDRED14,present
SENTINEL\HARRISON,present
SENTINEL\VALENCIA13,present
SENTINEL\WINDWARD50,present
SENTINEL\GAEDIG1,present
SENTINEL\ARBORDUBLIN13,present
SENTINEL\CITYPLACEA,present
SENTINEL\MTNSHADOW3,present
SENTINEL\JOANEN,present
SENTINEL\COPPERFIELD14,present
SENTINEL\SQL2,present
SENTINEL\KATZ,present
SENTINEL\LANTERNWOODS1,present
SENTINEL\ANTELOPERIDGE3,present
SENTINEL\VALLEYBROOK3,present
SENTINEL\SYCAMORE4,present
SENTINEL\CROSSINGS14,present
SENTINEL\ARBORHILLS1,present
SENTINEL\THECOMMONS50,present
SENTINEL\ANTELOPERIDGE13,present
SENTINEL\OSBORNECO,present
SENTINEL\KELLY1,present
SENTINEL\WESCOTT50,present
SENTINEL\BALOGA,present
SENTINEL\DELISA,present
SENTINEL\MALONE,present
SENTINEL\JACKSONPARK14,present
SENTINEL\OAKWELLFARM3,present
SENTINEL\ACADIA13,present
PIKECREEK3,present
SENTINEL\GLENBROOK50,present
SENTINEL\ISLANDPARK1,present
SENTINEL\AVANT14,present
SENTINEL\KHASIN,present
SENTINEL\TUSCANYRIDGE1,present
SENTINEL\Cassidy,present
SENTINEL\MTNSHADOW13,present
SENTINEL\ARBORHILLS3,present
SENTINEL\ENCLAVEMEN3,present
SENTINEL\SCOTT1,present
SENTINEL\GLENBROOK1,present
SENTINEL\910PENN2,present
SENTINEL\JACKSONPARK3,present
SENTINEL\DISTARIZONA2,present
SENTINEL\fms2,present
SENTINEL\olds,present
SENTINEL\OSBORNEC,present
SENTINEL\ANDOVERPLACE3,present
SENTINEL\ARBORDUBLIN14,present
SENTINEL\RECEPTIONIST,present
SENTINEL\ZDROK,present
SENTINEL\TOWNCENTER14,present
SENTINEL\NIEGLOS,present
SENTINEL\COSTELLO,present
SENTINEL\printsrv2,present
SENTINEL\tapitnova,present
SENTINEL\BOXTONE2,present
SENTINEL\MTNSHADOWCA2,present
SENTINEL\CHESWYCK16,present
SENTINEL\EASTCHASE3,present
SENTINEL\BARTONVINE13,present
SENTINEL\ANTELOPERIDGE1,present
SENTINEL\ANTELOPERIDGE14,present
SENTINEL\FOOTHILLS3,present
estrellaimac.sentinelcorp.com,present
SENTINEL\KIRBY50,present
SENTINEL\SONTERRA3,present
SENTINEL\APTEMP2,present
SENTINEL\DURHAM,present
SENTINEL\TOWNCENTER3,present
SENTINEL\BES12svr2,present
SENTINEL\VALENCIA1,present
SENTINEL\WILLOWSPRINGS1,present
SENTINEL\QUINNCROSSING3,present
SENTINEL\HORENSTEIN,present
SENTINEL\FOXVALLEY1,present
SENTINEL\MONTERRA3,present
SENTINEL\BARTONVINE14,present
SENTINEL\update1,present
SENTINEL\TUSCANYRIDGE2,present
SENTINEL\PRESERVE3,present
SENTINEL\BONAV (S-1-5-21-753412686-597961653-1159422225-19913),present
SENTINEL\BES3,present
SENTINEL\ARROWHEAD1,present
SENTINEL\PARAGON13,present
SENTINEL\STEINN,present
SENTINEL\BDS1,present
SENTINEL\MAPPOINT_PC1,present
Granahan_T460,present
MaleszewskiSurf4,present
FRANGOS-SURF4,present
SENTINEL\PRESERVE1,present
SENTINEL\HRITSKO,present
JOANEN-SURF4,present
Granahan_3040,present
SENTINEL\VALENCIA2,present
SENTINEL\STEINJ,present
SENTINEL\ORTAC,present
SENTINEL\WITTHUHN,present
SENTINEL\ESTRADA,present
SENTINEL\SHARMA,present
SENTINEL\BARRY,present
SENTINEL\IT-CONF-DESK-PC,present
SENTINEL\TIETJEN,present
SENTINEL\SIMON,present
CorominaSurf4,present
SENTINEL\BARREDO,present
HERNANDEZ-SURF4,present
SENTINEL\IT-CONF-TV-PC2,present
SENTINEL\HAUNSS,present
SENTINEL\IT-STORAGE-RM3,present
SENTINEL\KIESOW,present
SENTINEL\SMITHM,present
DESKTOP-OKPT4E2,present
DESKTOP-SVDUOMA,present
MaloySurf4,present
R97E8ZG,present
SENTINEL\WANG,present
SENTINEL\THECOMMONS3,present
SENTINEL\Lenovo2456,present
SENTINEL\ROTHTV,present
SENTINEL\DELATORRE,present
ChardeSurf4,present
SURF3_LOANER,present
SENTINEL\DISTCAL1,present
SENTINEL\GRANT,present
SENTINEL\RIVERPLACECOMM3,present
